Workbook

Sheet Carriers
A1: STEADHAUL DISPATCH — CARRIERS
A2: Yellow cells are yours to fill in. Row 4 is an example — delete it once you have real carriers.
A3: Carrier | B3: MC # | C3: DOT # | D3: Status | E3: Equipment | F3: Contact | G3: Phone | H3: Email | I3: Home base | J3: Plan | K3: Start date | L3: Free week ends | M3: Notes | N3: Dispatcher
A4: Example Trucking LLC | B4: MC-123456 | C4: 1234567 | D4: Onboarding | E4: Reefer | F4: Sample Name | G4: (916) 555-0101 | H4: name@example.com | I4: 95814 | J4: Core | K4: 46287 | L4: =IF(K4="","",K4+7) | M4: Delete this row | N4: VS
L5: =IF(K5="","",K5+7)
L6: =IF(K6="","",K6+7)
L7: =IF(K7="","",K7+7)
L8: =IF(K8="","",K8+7)
L9: =IF(K9="","",K9+7)
L10: =IF(K10="","",K10+7)
L11: =IF(K11="","",K11+7)
L12: =IF(K12="","",K12+7)
L13: =IF(K13="","",K13+7)
L14: =IF(K14="","",K14+7)
L15: =IF(K15="","",K15+7)
L16: =IF(K16="","",K16+7)
... L63: =IF(K63="","",K63+7)

Sheet Insurance
A1: STEADHAUL DISPATCH — INSURANCE
A2: Days left is a formula — do not type over column J. Amber at 30 days, red at 14. This is the tab that stops a load falling over.
A3: Carrier | B3: MC # | C3: Agent | D3: Agency | E3: Agent phone | F3: Agent email | G3: Auto liability | H3: Cargo | I3: Policy expires | J3: Days left | K3: COI on file | L3: Reefer breakdown | M3: Trailer interchange
A4: Example Trucking LLC | B4: MC-123456 | C4: Sample Agent | D4: Sample Agency | E4: (916) 555-0202 | F4: agent@example.com | G4: 1000000 | H4: 100000 | I4: 46447 | J4: =IF(I4="","",I4-TODAY()) | K4: Yes | L4: Yes | M4: No
J5: =IF(I5="","",I5-TODAY())
J6: =IF(I6="","",I6-TODAY())
J7: =IF(I7="","",I7-TODAY())
J8: =IF(I8="","",I8-TODAY())
J9: =IF(I9="","",I9-TODAY())
J10: =IF(I10="","",I10-TODAY())
J11: =IF(I11="","",I11-TODAY())
J12: =IF(I12="","",I12-TODAY())
J13: =IF(I13="","",I13-TODAY())
J14: =IF(I14="","",I14-TODAY())
J15: =IF(I15="","",I15-TODAY())
J16: =IF(I16="","",I16-TODAY())
... J63: =IF(I63="","",I63-TODAY())

Sheet Documents
A1: STEADHAUL DISPATCH — DOCUMENTS
A2: W-9 DELETED is not optional bookkeeping. You have no tax reason to hold a carrier's W-9 — forward it to brokers, delete it, date it here.
A3: Carrier | B3: MC # | C3: Agreement signed | D3: Authority letter | E3: W-9 received | F3: W-9 DELETED | G3: COI | H3: Notice of assignment | I3: CDL | J3: Packet complete
A4: Example Trucking LLC | B4: MC-123456 | C4: 46287 | D4: Yes | E4: 46287 | G4: Yes | H4: N/A | I4: Yes | J4: =IF(COUNTA(A4)=0,"",IF(COUNTIF(C4:I4,"")>0,"No","Yes"))
J5: =IF(COUNTA(A5)=0,"",IF(COUNTIF(C5:I5,"")>0,"No","Yes"))
J6: =IF(COUNTA(A6)=0,"",IF(COUNTIF(C6:I6,"")>0,"No","Yes"))
J7: =IF(COUNTA(A7)=0,"",IF(COUNTIF(C7:I7,"")>0,"No","Yes"))
J8: =IF(COUNTA(A8)=0,"",IF(COUNTIF(C8:I8,"")>0,"No","Yes"))
J9: =IF(COUNTA(A9)=0,"",IF(COUNTIF(C9:I9,"")>0,"No","Yes"))
J10: =IF(COUNTA(A10)=0,"",IF(COUNTIF(C10:I10,"")>0,"No","Yes"))
J11: =IF(COUNTA(A11)=0,"",IF(COUNTIF(C11:I11,"")>0,"No","Yes"))
J12: =IF(COUNTA(A12)=0,"",IF(COUNTIF(C12:I12,"")>0,"No","Yes"))
J13: =IF(COUNTA(A13)=0,"",IF(COUNTIF(C13:I13,"")>0,"No","Yes"))
J14: =IF(COUNTA(A14)=0,"",IF(COUNTIF(C14:I14,"")>0,"No","Yes"))
J15: =IF(COUNTA(A15)=0,"",IF(COUNTIF(C15:I15,"")>0,"No","Yes"))
J16: =IF(COUNTA(A16)=0,"",IF(COUNTIF(C16:I16,"")>0,"No","Yes"))
... J63: =IF(COUNTA(A63)=0,"",IF(COUNTIF(C63:I63,"")>0,"No","Yes"))

Sheet Broker Setups
A1: STEADHAUL DISPATCH — BROKER SETUPS
A2: Yellow cells are yours to fill in. Row 4 is an example — delete it once you have real carriers.
A3: Carrier | B3: MC # | C3: Broker | D3: Portal | E3: Submitted | F3: Status | G3: Carrier ID / setup # | H3: Notes
A4: Example Trucking LLC | B4: MC-123456 | C4: Sample Broker | D4: RMIS | E4: 46287 | F4: Approved | G4: SAMPLE-001 | H4: Delete this row

Sheet Retention Log
A1: STEADHAUL DISPATCH — RETENTION LOG
A2: California Civ. Code 1798.81 requires reasonable steps to dispose of records containing personal information. This log is how you show you did.
A3: Date | B3: Carrier | C3: Document | D3: Action | E3: Where it went / was deleted from | F3: By
A4: 46287 | B4: Example Trucking LLC | C4: W-9 | D4: Deleted | E4: BoldSign envelope + Drive folder | F4: VS

Sheet Brokers
A1: STEADHAUL DISPATCH — BROKERS
A2: The site promises authority + $75K bond checked before EVERY booking. This is that record. Re-check anything older than 30 days before you book it again.
A3: Broker | B3: MC / FF # | C3: Authority active | D3: Bond verified | E3: Bond amount | F3: Credit score | G3: Days to pay | H3: Last checked | I3: Days since check | J3: Status | K3: Notes
A4: Example Broker Inc | B4: FF-123456 | C4: Yes | D4: 46285 | E4: 75000 | F4: 92 | G4: 30 | H4: 46285 | I4: =IF(H4="","",TODAY()-H4) | J4: Approved | K4: Delete this row
I5: =IF(H5="","",TODAY()-H5)
I6: =IF(H6="","",TODAY()-H6)
I7: =IF(H7="","",TODAY()-H7)
I8: =IF(H8="","",TODAY()-H8)
I9: =IF(H9="","",TODAY()-H9)
I10: =IF(H10="","",TODAY()-H10)
I11: =IF(H11="","",TODAY()-H11)
I12: =IF(H12="","",TODAY()-H12)
I13: =IF(H13="","",TODAY()-H13)
I14: =IF(H14="","",TODAY()-H14)
I15: =IF(H15="","",TODAY()-H15)
I16: =IF(H16="","",TODAY()-H16)
... I120: =IF(H120="","",TODAY()-H120)

Sheet Loads
A1: STEADHAUL DISPATCH — LOADS
A2: Every load you book. RPM calculates itself. 'Carrier approved' is not optional — the site promises nothing books without their yes, and this column is your proof of it.
A3: Date | B3: Carrier | C3: Broker | D3: Origin | E3: Destination | F3: Equip | G3: Loaded miles | H3: Deadhead | I3: Linehaul | J3: RPM | K3: Carrier approved | L3: How approved | M3: Rate con sent | N3: POD in | O3: Invoiced | P3: Paid | Q3: Notes
A4: 46287 | B4: Example Trucking LLC | C4: Example Broker Inc | D4: Sacramento, CA | E4: Phoenix, AZ | F4: Reefer | G4: 755 | H4: 42 | I4: 1890 | J4: =IFERROR(I4/G4,"") | K4: Yes | L4: Text | M4: Yes | N4: Yes | O4: Yes | P4: No | Q4: Delete this row
J5: =IFERROR(I5/G5,"")
J6: =IFERROR(I6/G6,"")
J7: =IFERROR(I7/G7,"")
J8: =IFERROR(I8/G8,"")
J9: =IFERROR(I9/G9,"")
J10: =IFERROR(I10/G10,"")
J11: =IFERROR(I11/G11,"")
J12: =IFERROR(I12/G12,"")
J13: =IFERROR(I13/G13,"")
J14: =IFERROR(I14/G14,"")
J15: =IFERROR(I15/G15,"")
J16: =IFERROR(I16/G16,"")
... J300: =IFERROR(I300/G300,"")

Sheet Claims
A1: STEADHAUL DISPATCH — CLAIMS
A2: Detention, layover and TONU. This is money most new carriers write off — chasing it is a paid-tier promise, so it needs a record.
A3: Date | B3: Carrier | C3: Broker | D3: Load date | E3: Type | F3: Hours / detail | G3: Amount claimed | H3: Submitted | I3: Status | J3: Amount recovered | K3: Notes
A4: 46288 | B4: Example Trucking LLC | C4: Example Broker Inc | D4: 46287 | E4: Detention | F4: 4 hrs at receiver | G4: 200 | H4: 46288 | I4: Submitted | K4: Delete this row

Sheet Billing
A1: STEADHAUL DISPATCH — BILLING
A2: Every promise about money lives here. Standard fee comes from the plan. Fee due goes to zero for a free week, and for any week you booked them nothing — the site says truck down, you owe nothing.
A3: Week ending | B3: Carrier | C3: Plan | D3: Standard fee | E3: Loads booked | F3: Free week? | G3: Truck down? | H3: Fee due | I3: Waiver reason | J3: Invoiced | K3: Paid
A4: 46292 | B4: Example Trucking LLC | C4: Core | D4: =IF(C4="","",IF(C4="Core",300,IF(C4="Pro",425,IF(C4="Full Desk",550,"")))) | E4: 3 | F4: Yes | G4: No | H4: =IF(D4="","",IF(F4="Yes",0,IF(G4="Yes",0,IF(E4=0,0,D4)))) | I4: First week free | J4: No | K4: No
D5: =IF(C5="","",IF(C5="Core",300,IF(C5="Pro",425,IF(C5="Full Desk",550,"")))) | H5: =IF(D5="","",IF(F5="Yes",0,IF(G5="Yes",0,IF(E5=0,0,D5))))
D6: =IF(C6="","",IF(C6="Core",300,IF(C6="Pro",425,IF(C6="Full Desk",550,"")))) | H6: =IF(D6="","",IF(F6="Yes",0,IF(G6="Yes",0,IF(E6=0,0,D6))))
D7: =IF(C7="","",IF(C7="Core",300,IF(C7="Pro",425,IF(C7="Full Desk",550,"")))) | H7: =IF(D7="","",IF(F7="Yes",0,IF(G7="Yes",0,IF(E7=0,0,D7))))
D8: =IF(C8="","",IF(C8="Core",300,IF(C8="Pro",425,IF(C8="Full Desk",550,"")))) | H8: =IF(D8="","",IF(F8="Yes",0,IF(G8="Yes",0,IF(E8=0,0,D8))))
D9: =IF(C9="","",IF(C9="Core",300,IF(C9="Pro",425,IF(C9="Full Desk",550,"")))) | H9: =IF(D9="","",IF(F9="Yes",0,IF(G9="Yes",0,IF(E9=0,0,D9))))
D10: =IF(C10="","",IF(C10="Core",300,IF(C10="Pro",425,IF(C10="Full Desk",550,"")))) | H10: =IF(D10="","",IF(F10="Yes",0,IF(G10="Yes",0,IF(E10=0,0,D10))))
D11: =IF(C11="","",IF(C11="Core",300,IF(C11="Pro",425,IF(C11="Full Desk",550,"")))) | H11: =IF(D11="","",IF(F11="Yes",0,IF(G11="Yes",0,IF(E11=0,0,D11))))
D12: =IF(C12="","",IF(C12="Core",300,IF(C12="Pro",425,IF(C12="Full Desk",550,"")))) | H12: =IF(D12="","",IF(F12="Yes",0,IF(G12="Yes",0,IF(E12=0,0,D12))))
D13: =IF(C13="","",IF(C13="Core",300,IF(C13="Pro",425,IF(C13="Full Desk",550,"")))) | H13: =IF(D13="","",IF(F13="Yes",0,IF(G13="Yes",0,IF(E13=0,0,D13))))
D14: =IF(C14="","",IF(C14="Core",300,IF(C14="Pro",425,IF(C14="Full Desk",550,"")))) | H14: =IF(D14="","",IF(F14="Yes",0,IF(G14="Yes",0,IF(E14=0,0,D14))))
D15: =IF(C15="","",IF(C15="Core",300,IF(C15="Pro",425,IF(C15="Full Desk",550,"")))) | H15: =IF(D15="","",IF(F15="Yes",0,IF(G15="Yes",0,IF(E15=0,0,D15))))
D16: =IF(C16="","",IF(C16="Core",300,IF(C16="Pro",425,IF(C16="Full Desk",550,"")))) | H16: =IF(D16="","",IF(F16="Yes",0,IF(G16="Yes",0,IF(E16=0,0,D16))))
... D200: =IF(C200="","",IF(C200="Core",300,IF(C200="Pro",425,IF(C200="Full Desk",550,"")))) | H200: =IF(D200="","",IF(F200="Yes",0,IF(G200="Yes",0,IF(E200=0,0,D200))))

Sheet Friday Report
A1: STEADHAUL DISPATCH — FRIDAY REPORT
A2: Fill in the week ending date and carrier name (spelled exactly as on the Loads tab) — everything else pulls from Loads. This is the Friday revenue report the site promises.
A3: Week ending | B3: Carrier | C3: Loads | D3: Gross | E3: Loaded miles | F3: Deadhead miles | G3: Avg RPM | H3: Deadhead %
A4: 46292 | B4: Example Trucking LLC | C4: =IF(A4="","",COUNTIFS(Loads!$A$4:$A$300,">="&A4-6,Loads!$A$4:$A$300,"<="&A4,Loads!$B$4:$B$300,B4)) | D4: =IF(A4="","",SUMIFS(Loads!$I$4:$I$300,Loads!$A$4:$A$300,">="&A4-6,Loads!$A$4:$A$300,"<="&A4,Loads!$B$4:$B$300,B4)) | E4: =IF(A4="","",SUMIFS(Loads!$G$4:$G$300,Loads!$A$4:$A$300,">="&A4-6,Loads!$A$4:$A$300,"<="&A4,Loads!$B$4:$B$300,B4)) | F4: =IF(A4="","",SUMIFS(Loads!$H$4:$H$300,Loads!$A$4:$A$300,">="&A4-6,Loads!$A$4:$A$300,"<="&A4,Loads!$B$4:$B$300,B4)) | G4: =IFERROR(D4/E4,"") | H4: =IFERROR(F4/(E4+F4),"")
C5: =IF(A5="","",COUNTIFS(Loads!$A$4:$A$300,">="&A5-6,Loads!$A$4:$A$300,"<="&A5,Loads!$B$4:$B$300,B5)) | D5: =IF(A5="","",SUMIFS(Loads!$I$4:$I$300,Loads!$A$4:$A$300,">="&A5-6,Loads!$A$4:$A$300,"<="&A5,Loads!$B$4:$B$300,B5)) | E5: =IF(A5="","",SUMIFS(Loads!$G$4:$G$300,Loads!$A$4:$A$300,">="&A5-6,Loads!$A$4:$A$300,"<="&A5,Loads!$B$4:$B$300,B5)) | F5: =IF(A5="","",SUMIFS(Loads!$H$4:$H$300,Loads!$A$4:$A$300,">="&A5-6,Loads!$A$4:$A$300,"<="&A5,Loads!$B$4:$B$300,B5)) | G5: =IFERROR(D5/E5,"") | H5: =IFERROR(F5/(E5+F5),"")
C6: =IF(A6="","",COUNTIFS(Loads!$A$4:$A$300,">="&A6-6,Loads!$A$4:$A$300,"<="&A6,Loads!$B$4:$B$300,B6)) | D6: =IF(A6="","",SUMIFS(Loads!$I$4:$I$300,Loads!$A$4:$A$300,">="&A6-6,Loads!$A$4:$A$300,"<="&A6,Loads!$B$4:$B$300,B6)) | E6: =IF(A6="","",SUMIFS(Loads!$G$4:$G$300,Loads!$A$4:$A$300,">="&A6-6,Loads!$A$4:$A$300,"<="&A6,Loads!$B$4:$B$300,B6)) | F6: =IF(A6="","",SUMIFS(Loads!$H$4:$H$300,Loads!$A$4:$A$300,">="&A6-6,Loads!$A$4:$A$300,"<="&A6,Loads!$B$4:$B$300,B6)) | G6: =IFERROR(D6/E6,"") | H6: =IFERROR(F6/(E6+F6),"")
C7: =IF(A7="","",COUNTIFS(Loads!$A$4:$A$300,">="&A7-6,Loads!$A$4:$A$300,"<="&A7,Loads!$B$4:$B$300,B7)) | D7: =IF(A7="","",SUMIFS(Loads!$I$4:$I$300,Loads!$A$4:$A$300,">="&A7-6,Loads!$A$4:$A$300,"<="&A7,Loads!$B$4:$B$300,B7)) | E7: =IF(A7="","",SUMIFS(Loads!$G$4:$G$300,Loads!$A$4:$A$300,">="&A7-6,Loads!$A$4:$A$300,"<="&A7,Loads!$B$4:$B$300,B7)) | F7: =IF(A7="","",SUMIFS(Loads!$H$4:$H$300,Loads!$A$4:$A$300,">="&A7-6,Loads!$A$4:$A$300,"<="&A7,Loads!$B$4:$B$300,B7)) | G7: =IFERROR(D7/E7,"") | H7: =IFERROR(F7/(E7+F7),"")
C8: =IF(A8="","",COUNTIFS(Loads!$A$4:$A$300,">="&A8-6,Loads!$A$4:$A$300,"<="&A8,Loads!$B$4:$B$300,B8)) | D8: =IF(A8="","",SUMIFS(Loads!$I$4:$I$300,Loads!$A$4:$A$300,">="&A8-6,Loads!$A$4:$A$300,"<="&A8,Loads!$B$4:$B$300,B8)) | E8: =IF(A8="","",SUMIFS(Loads!$G$4:$G$300,Loads!$A$4:$A$300,">="&A8-6,Loads!$A$4:$A$300,"<="&A8,Loads!$B$4:$B$300,B8)) | F8: =IF(A8="","",SUMIFS(Loads!$H$4:$H$300,Loads!$A$4:$A$300,">="&A8-6,Loads!$A$4:$A$300,"<="&A8,Loads!$B$4:$B$300,B8)) | G8: =IFERROR(D8/E8,"") | H8: =IFERROR(F8/(E8+F8),"")
C9: =IF(A9="","",COUNTIFS(Loads!$A$4:$A$300,">="&A9-6,Loads!$A$4:$A$300,"<="&A9,Loads!$B$4:$B$300,B9)) | D9: =IF(A9="","",SUMIFS(Loads!$I$4:$I$300,Loads!$A$4:$A$300,">="&A9-6,Loads!$A$4:$A$300,"<="&A9,Loads!$B$4:$B$300,B9)) | E9: =IF(A9="","",SUMIFS(Loads!$G$4:$G$300,Loads!$A$4:$A$300,">="&A9-6,Loads!$A$4:$A$300,"<="&A9,Loads!$B$4:$B$300,B9)) | F9: =IF(A9="","",SUMIFS(Loads!$H$4:$H$300,Loads!$A$4:$A$300,">="&A9-6,Loads!$A$4:$A$300,"<="&A9,Loads!$B$4:$B$300,B9)) | G9: =IFERROR(D9/E9,"") | H9: =IFERROR(F9/(E9+F9),"")
C10: =IF(A10="","",COUNTIFS(Loads!$A$4:$A$300,">="&A10-6,Loads!$A$4:$A$300,"<="&A10,Loads!$B$4:$B$300,B10)) | D10: =IF(A10="","",SUMIFS(Loads!$I$4:$I$300,Loads!$A$4:$A$300,">="&A10-6,Loads!$A$4:$A$300,"<="&A10,Loads!$B$4:$B$300,B10)) | E10: =IF(A10="","",SUMIFS(Loads!$G$4:$G$300,Loads!$A$4:$A$300,">="&A10-6,Loads!$A$4:$A$300,"<="&A10,Loads!$B$4:$B$300,B10)) | F10: =IF(A10="","",SUMIFS(Loads!$H$4:$H$300,Loads!$A$4:$A$300,">="&A10-6,Loads!$A$4:$A$300,"<="&A10,Loads!$B$4:$B$300,B10)) | G10: =IFERROR(D10/E10,"") | H10: =IFERROR(F10/(E10+F10),"")
C11: =IF(A11="","",COUNTIFS(Loads!$A$4:$A$300,">="&A11-6,Loads!$A$4:$A$300,"<="&A11,Loads!$B$4:$B$300,B11)) | D11: =IF(A11="","",SUMIFS(Loads!$I$4:$I$300,Loads!$A$4:$A$300,">="&A11-6,Loads!$A$4:$A$300,"<="&A11,Loads!$B$4:$B$300,B11)) | E11: =IF(A11="","",SUMIFS(Loads!$G$4:$G$300,Loads!$A$4:$A$300,">="&A11-6,Loads!$A$4:$A$300,"<="&A11,Loads!$B$4:$B$300,B11)) | F11: =IF(A11="","",SUMIFS(Loads!$H$4:$H$300,Loads!$A$4:$A$300,">="&A11-6,Loads!$A$4:$A$300,"<="&A11,Loads!$B$4:$B$300,B11)) | G11: =IFERROR(D11/E11,"") | H11: =IFERROR(F11/(E11+F11),"")
C12: =IF(A12="","",COUNTIFS(Loads!$A$4:$A$300,">="&A12-6,Loads!$A$4:$A$300,"<="&A12,Loads!$B$4:$B$300,B12)) | D12: =IF(A12="","",SUMIFS(Loads!$I$4:$I$300,Loads!$A$4:$A$300,">="&A12-6,Loads!$A$4:$A$300,"<="&A12,Loads!$B$4:$B$300,B12)) | E12: =IF(A12="","",SUMIFS(Loads!$G$4:$G$300,Loads!$A$4:$A$300,">="&A12-6,Loads!$A$4:$A$300,"<="&A12,Loads!$B$4:$B$300,B12)) | F12: =IF(A12="","",SUMIFS(Loads!$H$4:$H$300,Loads!$A$4:$A$300,">="&A12-6,Loads!$A$4:$A$300,"<="&A12,Loads!$B$4:$B$300,B12)) | G12: =IFERROR(D12/E12,"") | H12: =IFERROR(F12/(E12+F12),"")
C13: =IF(A13="","",COUNTIFS(Loads!$A$4:$A$300,">="&A13-6,Loads!$A$4:$A$300,"<="&A13,Loads!$B$4:$B$300,B13)) | D13: =IF(A13="","",SUMIFS(Loads!$I$4:$I$300,Loads!$A$4:$A$300,">="&A13-6,Loads!$A$4:$A$300,"<="&A13,Loads!$B$4:$B$300,B13)) | E13: =IF(A13="","",SUMIFS(Loads!$G$4:$G$300,Loads!$A$4:$A$300,">="&A13-6,Loads!$A$4:$A$300,"<="&A13,Loads!$B$4:$B$300,B13)) | F13: =IF(A13="","",SUMIFS(Loads!$H$4:$H$300,Loads!$A$4:$A$300,">="&A13-6,Loads!$A$4:$A$300,"<="&A13,Loads!$B$4:$B$300,B13)) | G13: =IFERROR(D13/E13,"") | H13: =IFERROR(F13/(E13+F13),"")
C14: =IF(A14="","",COUNTIFS(Loads!$A$4:$A$300,">="&A14-6,Loads!$A$4:$A$300,"<="&A14,Loads!$B$4:$B$300,B14)) | D14: =IF(A14="","",SUMIFS(Loads!$I$4:$I$300,Loads!$A$4:$A$300,">="&A14-6,Loads!$A$4:$A$300,"<="&A14,Loads!$B$4:$B$300,B14)) | E14: =IF(A14="","",SUMIFS(Loads!$G$4:$G$300,Loads!$A$4:$A$300,">="&A14-6,Loads!$A$4:$A$300,"<="&A14,Loads!$B$4:$B$300,B14)) | F14: =IF(A14="","",SUMIFS(Loads!$H$4:$H$300,Loads!$A$4:$A$300,">="&A14-6,Loads!$A$4:$A$300,"<="&A14,Loads!$B$4:$B$300,B14)) | G14: =IFERROR(D14/E14,"") | H14: =IFERROR(F14/(E14+F14),"")
C15: =IF(A15="","",COUNTIFS(Loads!$A$4:$A$300,">="&A15-6,Loads!$A$4:$A$300,"<="&A15,Loads!$B$4:$B$300,B15)) | D15: =IF(A15="","",SUMIFS(Loads!$I$4:$I$300,Loads!$A$4:$A$300,">="&A15-6,Loads!$A$4:$A$300,"<="&A15,Loads!$B$4:$B$300,B15)) | E15: =IF(A15="","",SUMIFS(Loads!$G$4:$G$300,Loads!$A$4:$A$300,">="&A15-6,Loads!$A$4:$A$300,"<="&A15,Loads!$B$4:$B$300,B15)) | F15: =IF(A15="","",SUMIFS(Loads!$H$4:$H$300,Loads!$A$4:$A$300,">="&A15-6,Loads!$A$4:$A$300,"<="&A15,Loads!$B$4:$B$300,B15)) | G15: =IFERROR(D15/E15,"") | H15: =IFERROR(F15/(E15+F15),"")
C16: =IF(A16="","",COUNTIFS(Loads!$A$4:$A$300,">="&A16-6,Loads!$A$4:$A$300,"<="&A16,Loads!$B$4:$B$300,B16)) | D16: =IF(A16="","",SUMIFS(Loads!$I$4:$I$300,Loads!$A$4:$A$300,">="&A16-6,Loads!$A$4:$A$300,"<="&A16,Loads!$B$4:$B$300,B16)) | E16: =IF(A16="","",SUMIFS(Loads!$G$4:$G$300,Loads!$A$4:$A$300,">="&A16-6,Loads!$A$4:$A$300,"<="&A16,Loads!$B$4:$B$300,B16)) | F16: =IF(A16="","",SUMIFS(Loads!$H$4:$H$300,Loads!$A$4:$A$300,">="&A16-6,Loads!$A$4:$A$300,"<="&A16,Loads!$B$4:$B$300,B16)) | G16: =IFERROR(D16/E16,"") | H16: =IFERROR(F16/(E16+F16),"")
... C60: =IF(A60="","",COUNTIFS(Loads!$A$4:$A$300,">="&A60-6,Loads!$A$4:$A$300,"<="&A60,Loads!$B$4:$B$300,B60)) | D60: =IF(A60="","",SUMIFS(Loads!$I$4:$I$300,Loads!$A$4:$A$300,">="&A60-6,Loads!$A$4:$A$300,"<="&A60,Loads!$B$4:$B$300,B60)) | E60: =IF(A60="","",SUMIFS(Loads!$G$4:$G$300,Loads!$A$4:$A$300,">="&A60-6,Loads!$A$4:$A$300,"<="&A60,Loads!$B$4:$B$300,B60)) | F60: =IF(A60="","",SUMIFS(Loads!$H$4:$H$300,Loads!$A$4:$A$300,">="&A60-6,Loads!$A$4:$A$300,"<="&A60,Loads!$B$4:$B$300,B60)) | G60: =IFERROR(D60/E60,"") | H60: =IFERROR(F60/(E60+F60),"")

Sheet Capacity
A1: STEADHAUL DISPATCH — DISPATCHER CAPACITY
A2: The site promises a hard cap of 8 trucks per dispatcher. Put the dispatcher's initials in column D of the Carriers tab and this counts them.
A3: Dispatcher | B3: Active carriers | C3: Cap | D3: Seats left | E3: Status
A4: VS | B4: =IF(A4="","",COUNTIFS(Carriers!$N$4:$N$63,A4,Carriers!$D$4:$D$63,"Active")) | C4: 8 | D4: =IF(A4="","",C4-B4) | E4: =IF(A4="","",IF(D4<=0,"FULL — wait list",IF(D4<=2,"Nearly full","Open")))
B5: =IF(A5="","",COUNTIFS(Carriers!$N$4:$N$63,A5,Carriers!$D$4:$D$63,"Active")) | C5: 8 | D5: =IF(A5="","",C5-B5) | E5: =IF(A5="","",IF(D5<=0,"FULL — wait list",IF(D5<=2,"Nearly full","Open")))
B6: =IF(A6="","",COUNTIFS(Carriers!$N$4:$N$63,A6,Carriers!$D$4:$D$63,"Active")) | C6: 8 | D6: =IF(A6="","",C6-B6) | E6: =IF(A6="","",IF(D6<=0,"FULL — wait list",IF(D6<=2,"Nearly full","Open")))
B7: =IF(A7="","",COUNTIFS(Carriers!$N$4:$N$63,A7,Carriers!$D$4:$D$63,"Active")) | C7: 8 | D7: =IF(A7="","",C7-B7) | E7: =IF(A7="","",IF(D7<=0,"FULL — wait list",IF(D7<=2,"Nearly full","Open")))
B8: =IF(A8="","",COUNTIFS(Carriers!$N$4:$N$63,A8,Carriers!$D$4:$D$63,"Active")) | C8: 8 | D8: =IF(A8="","",C8-B8) | E8: =IF(A8="","",IF(D8<=0,"FULL — wait list",IF(D8<=2,"Nearly full","Open")))
B9: =IF(A9="","",COUNTIFS(Carriers!$N$4:$N$63,A9,Carriers!$D$4:$D$63,"Active")) | C9: 8 | D9: =IF(A9="","",C9-B9) | E9: =IF(A9="","",IF(D9<=0,"FULL — wait list",IF(D9<=2,"Nearly full","Open")))
B10: =IF(A10="","",COUNTIFS(Carriers!$N$4:$N$63,A10,Carriers!$D$4:$D$63,"Active")) | C10: 8 | D10: =IF(A10="","",C10-B10) | E10: =IF(A10="","",IF(D10<=0,"FULL — wait list",IF(D10<=2,"Nearly full","Open")))
B11: =IF(A11="","",COUNTIFS(Carriers!$N$4:$N$63,A11,Carriers!$D$4:$D$63,"Active")) | C11: 8 | D11: =IF(A11="","",C11-B11) | E11: =IF(A11="","",IF(D11<=0,"FULL — wait list",IF(D11<=2,"Nearly full","Open")))
B12: =IF(A12="","",COUNTIFS(Carriers!$N$4:$N$63,A12,Carriers!$D$4:$D$63,"Active")) | C12: 8 | D12: =IF(A12="","",C12-B12) | E12: =IF(A12="","",IF(D12<=0,"FULL — wait list",IF(D12<=2,"Nearly full","Open")))
B13: =IF(A13="","",COUNTIFS(Carriers!$N$4:$N$63,A13,Carriers!$D$4:$D$63,"Active")) | C13: 8 | D13: =IF(A13="","",C13-B13) | E13: =IF(A13="","",IF(D13<=0,"FULL — wait list",IF(D13<=2,"Nearly full","Open")))
